{
    "hidden_size": 162,
    "learning_rate": 0.004507908515094053,
    "gamma": 0.9640433167277762,
    "epsilon_decay": 0.9211466720731567
}